"season_n","season_np1","name","n_win","n_draw","an_lose","np1_win","np1_draw","np1_lose"
1933,1934,"AS Cannes",9,7,10,14,5,11
1933,1934,"EAC Roubaix",13,4,9,13,5,12
1933,1934,"FC Antibes",11,5,10,8,7,15
1933,1934,"FC Sète 34",14,6,6,13,10,7
1933,1934,"FC Sochaux-Montbéliard",9,4,13,22,4,4
1933,1934,"Olympique de Marseille",15,3,8,13,5,12
1933,1934,"Olympique Lillois",14,4,8,14,3,13
1933,1934,"RC Paris",9,5,12,16,5,9
1933,1934,"SC Fives",13,7,6,12,1,17
1933,1934,"SC Nîmois",11,3,12,5,5,20
1933,1934,"SO Montpellier",10,6,10,7,3,20
1933,1934,"Stade Rennais FC",11,5,10,11,5,14
1934,1935,"AS Cannes",14,5,11,15,5,10
1934,1935,"AS Red Star 93",8,7,15,8,3,19
1934,1935,"EAC Roubaix",13,5,12,13,5,12
1934,1935,"FC Antibes",8,7,15,10,5,15
1934,1935,"FC Mulhouse",14,5,11,8,6,16
1934,1935,"FC Sète 34",13,10,7,14,4,12
1934,1935,"FC Sochaux-Montbéliard",22,4,4,12,11,7
1934,1935,"Olympique d'Alès",10,3,17,5,9,16
1934,1935,"Olympique de Marseille",13,5,12,14,5,11
1934,1935,"Olympique Lillois",14,3,13,17,7,6
1934,1935,"RC Paris",16,5,9,20,4,6
1934,1935,"RC Strasbourg",21,5,4,18,3,9
1934,1935,"SC Fives",12,1,17,14,3,13
1934,1935,"Stade Rennais FC",11,5,14,10,8,12
1935,1936,"AS Cannes",15,5,10,8,9,13
1935,1936,"AS Red Star 93",8,3,19,12,7,11
1935,1936,"EAC Roubaix",13,5,12,13,5,12
1935,1936,"FC Antibes",10,5,15,11,4,15
1935,1936,"FC Metz",12,3,15,13,6,11
1935,1936,"FC Mulhouse",8,6,16,6,3,21
1935,1936,"FC Sète 34",14,4,12,11,8,11
1935,1936,"FC Sochaux-Montbéliard",12,11,7,16,6,8
1935,1936,"Olympique de Marseille",14,5,11,17,4,9
1935,1936,"Olympique Lillois",17,7,6,14,6,10
1935,1936,"RC Paris",20,4,6,17,3,10
1935,1936,"RC Strasbourg",18,3,9,12,9,9
1935,1936,"SC Fives",14,3,13,12,4,14
1935,1936,"Stade Rennais FC",10,8,12,8,4,18
1936,1937,"AS Cannes",8,9,13,8,11,11
1936,1937,"AS Red Star 93",12,7,11,6,7,17
1936,1937,"EAC Roubaix",13,5,12,10,12,8
1936,1937,"FC Antibes",11,4,15,9,9,12
1936,1937,"FC Metz",13,6,11,8,11,11
1936,1937,"FC Rouen 1899",15,5,10,14,8,8
1936,1937,"FC Sète 34",11,8,11,16,9,5
1936,1937,"FC Sochaux-Montbéliard",16,6,8,18,8,4
1936,1937,"Olympique de Marseille",17,4,9,15,12,3
1936,1937,"Olympique Lillois",14,6,10,10,9,11
1936,1937,"RC Paris",17,3,10,9,8,13
1936,1937,"RC Roubaix",11,5,14,11,6,13
1936,1937,"RC Strasbourg",12,9,9,12,9,9
1936,1937,"SC Fives",12,4,14,7,12,11
1937,1938,"AS Cannes",8,11,11,11,5,14
1937,1938,"EAC Roubaix",10,12,8,8,8,14
1937,1938,"FC Antibes",9,9,12,6,9,15
1937,1938,"FC Metz",8,11,11,12,7,11
1937,1938,"FC Rouen 1899",14,8,8,6,9,15
1937,1938,"FC Sète 34",16,9,5,19,4,7
1937,1938,"FC Sochaux-Montbéliard",18,8,4,14,4,12
1937,1938,"Olympique de Marseille",15,12,3,18,4,8
1937,1938,"Olympique Lillois",10,9,11,14,5,10
1937,1938,"RC Lens",9,8,13,11,9,10
1937,1938,"RC Paris",9,8,13,15,8,7
1937,1938,"RC Roubaix",11,6,13,4,9,17
1937,1938,"RC Strasbourg",12,9,9,10,8,12
1937,1938,"SC Fives",7,12,11,13,5,12
1945,1946,"AS Cannes",12,10,12,17,4,17
1945,1946,"AS Red Star 93",12,9,13,15,9,14
1945,1946,"AS Saint-Etienne",20,4,10,13,11,14
1945,1946,"CO Roubaix-Tourcoing",15,11,8,24,5,9
1945,1946,"FC Metz",10,5,19,12,13,13
1945,1946,"FC Rouen 1899",14,8,12,7,10,21
1945,1946,"FC Sète 34",13,6,15,12,11,15
1945,1946,"Girondins de Bordeaux",11,9,14,12,8,18
1945,1946,"Havre AC",13,4,17,9,7,22
1945,1946,"LOSC Lille",19,7,8,20,7,11
1945,1946,"Olympique de Marseille",12,10,12,16,12,10
1945,1946,"RC Lens",14,8,12,12,7,19
1945,1946,"RC Paris",16,3,15,14,5,19
1945,1946,"RC Strasbourg",13,7,14,21,7,10
1945,1946,"Stade de Reims",15,10,9,22,5,11
1945,1946,"Stade Rennais FC",13,11,10,16,6,16
1946,1947,"AS Cannes",17,4,17,10,9,15
1946,1947,"AS Red Star 93",15,9,14,6,4,24
1946,1947,"AS Saint-Etienne",13,11,14,16,9,9
1946,1947,"CO Roubaix-Tourcoing",24,5,9,15,7,12
1946,1947,"FC Metz",12,13,13,13,4,17
1946,1947,"FC Nancy",13,10,15,11,8,15
1946,1947,"FC Sète 34",12,11,15,11,4,19
1946,1947,"LOSC Lille",20,7,11,20,7,7
1946,1947,"Olympique de Marseille",16,12,10,20,8,6
1946,1947,"RC Paris",14,5,19,16,5,13
1946,1947,"RC Strasbourg",21,7,10,13,11,10
1946,1947,"SO Montpellier",14,5,19,10,8,16
1946,1947,"Stade de Reims",22,5,11,20,6,8
1946,1947,"Stade Français",19,8,11,15,8,11
1946,1947,"Stade Rennais FC",16,6,16,13,8,13
1946,1947,"Toulouse FC",15,4,19,13,3,18
1947,1948,"AS Cannes",10,9,15,10,5,19
1947,1948,"AS Red Star 93",6,4,24,10,12,12
1947,1948,"AS Saint-Etienne",16,9,9,13,9,12
1947,1948,"CO Roubaix-Tourcoing",15,7,12,11,7,16
1947,1948,"FC Metz",13,4,17,10,6,18
1947,1948,"FC Nancy",11,8,15,11,6,17
1947,1948,"FC Sète 34",11,4,19,10,9,15
1947,1948,"FC Sochaux-Montbéliard",13,8,13,16,6,12
1947,1948,"LOSC Lille",20,7,7,21,5,8
1947,1948,"Olympique de Marseille",20,8,6,18,6,10
1947,1948,"RC Paris",16,5,13,14,8,12
1947,1948,"RC Strasbourg",13,11,10,10,6,18
1947,1948,"SO Montpellier",10,8,16,12,5,17
1947,1948,"Stade de Reims",20,6,8,22,4,8
1947,1948,"Stade Rennais FC",13,8,13,16,9,9
1947,1948,"Toulouse FC",13,3,18,16,2,16
1948,1949,"AS Red Star 93",10,12,12,9,8,17
1948,1949,"AS Saint-Etienne",13,9,12,12,8,14
1948,1949,"CO Roubaix-Tourcoing",11,7,16,9,15,10
1948,1949,"FC Metz",10,6,18,5,7,22
1948,1949,"FC Nancy",11,6,17,12,7,15
1948,1949,"FC Sète 34",10,9,15,12,5,17
1948,1949,"FC Sochaux-Montbéliard",16,6,12,16,6,12
1948,1949,"LOSC Lille",21,5,8,20,5,9
1948,1949,"OGC Nice",13,10,11,16,7,11
1948,1949,"Olympique de Marseille",18,6,10,13,9,12
1948,1949,"RC Paris",14,8,12,14,8,12
1948,1949,"RC Strasbourg",10,6,18,11,9,14
1948,1949,"SO Montpellier",12,5,17,10,3,21
1948,1949,"Stade de Reims",22,4,8,18,8,8
1948,1949,"Stade Rennais FC",16,9,9,12,10,12
1948,1949,"Toulouse FC",16,2,16,16,10,8
1949,1950,"AS Red Star 93",9,8,17,7,7,20
1949,1950,"AS Saint-Etienne",12,8,14,15,7,12
1949,1950,"CO Roubaix-Tourcoing",9,15,10,12,8,14
1949,1950,"FC Nancy",12,7,15,13,6,15
1949,1950,"FC Sète 34",12,5,17,12,6,16
1949,1950,"FC Sochaux-Montbéliard",16,6,12,13,6,15
1949,1950,"Girondins de Bordeaux",21,9,4,14,9,11
1949,1950,"LOSC Lille",20,5,9,17,7,10
1949,1950,"OGC Nice",16,7,11,18,5,11
1949,1950,"Olympique de Marseille",13,9,12,11,14,9
1949,1950,"RC Lens",9,8,17,10,9,15
1949,1950,"RC Paris",14,8,12,12,8,14
1949,1950,"RC Strasbourg",11,9,14,14,6,14
1949,1950,"Stade de Reims",18,8,8,15,10,9
1949,1950,"Stade Rennais FC",12,10,12,13,5,16
1949,1950,"Toulouse FC",16,10,8,10,7,17
1950,1951,"AS Saint-Etienne",15,7,12,15,6,13
1950,1951,"CO Roubaix-Tourcoing",12,8,14,14,8,12
1950,1951,"FC Nancy",13,6,15,12,11,11
1950,1951,"FC Sète 34",12,6,16,14,8,12
1950,1951,"FC Sochaux-Montbéliard",13,6,15,12,7,15
1950,1951,"Girondins de Bordeaux",14,9,11,20,5,9
1950,1951,"Havre AC",18,4,12,15,7,12
1950,1951,"LOSC Lille",17,7,10,19,6,9
1950,1951,"Nîmes Olympique",16,8,10,16,5,13
1950,1951,"OGC Nice",18,5,11,21,4,9
1950,1951,"Olympique de Marseille",11,14,9,9,10,15
1950,1951,"RC Lens",10,9,15,12,7,15
1950,1951,"RC Paris",12,8,14,12,6,16
1950,1951,"RC Strasbourg",14,6,14,4,8,22
1950,1951,"Stade de Reims",15,10,9,16,6,12
1950,1951,"Stade Rennais FC",13,5,16,10,8,16
1951,1952,"AS Saint-Etienne",15,6,13,11,8,15
1951,1952,"CO Roubaix-Tourcoing",14,8,12,9,10,15
1951,1952,"FC Metz",14,10,10,11,7,16
1951,1952,"FC Nancy",12,11,11,16,2,16
1951,1952,"FC Sète 34",14,8,12,13,7,14
1951,1952,"FC Sochaux-Montbéliard",12,7,15,18,8,8
1951,1952,"Girondins de Bordeaux",20,5,9,19,5,10
1951,1952,"Havre AC",15,7,12,11,7,16
1951,1952,"LOSC Lille",19,6,9,15,10,9
1951,1952,"Nîmes Olympique",16,5,13,17,6,11
1951,1952,"OGC Nice",21,4,9,12,5,17
1951,1952,"Olympique de Marseille",9,10,15,15,7,12
1951,1952,"RC Lens",12,7,15,13,8,13
1951,1952,"RC Paris",12,6,16,11,6,17
1951,1952,"Stade de Reims",16,6,12,22,4,8
1951,1952,"Stade Rennais FC",10,8,16,10,8,16
1952,1953,"AS Saint-Etienne",11,8,15,16,6,12
1952,1953,"CO Roubaix-Tourcoing",9,10,15,11,6,17
1952,1953,"FC Metz",11,7,16,10,10,14
1952,1953,"FC Nancy",16,2,16,12,6,16
1952,1953,"FC Sète 34",13,7,14,6,10,18
1952,1953,"FC Sochaux-Montbéliard",18,8,8,9,12,13
1952,1953,"Girondins de Bordeaux",19,5,10,20,6,8
1952,1953,"Havre AC",11,7,16,10,6,18
1952,1953,"LOSC Lille",15,10,9,17,13,4
1952,1953,"Nîmes Olympique",17,6,11,14,5,15
1952,1953,"OGC Nice",12,5,17,12,10,12
1952,1953,"Olympique de Marseille",15,7,12,10,9,15
1952,1953,"RC Lens",13,8,13,13,9,12
1952,1953,"Stade de Reims",22,4,8,18,10,6
1952,1953,"Stade Français",12,9,13,8,11,15
1953,1954,"AS Monaco FC",11,9,14,10,11,13
1953,1954,"AS Saint-Etienne",16,6,12,15,5,14
1953,1954,"CO Roubaix-Tourcoing",11,6,17,10,6,18
1953,1954,"FC Metz",10,10,14,12,7,15
1953,1954,"FC Nancy",12,6,16,12,8,14
1953,1954,"FC Sochaux-Montbéliard",9,12,13,15,6,13
1953,1954,"Girondins de Bordeaux",20,6,8,14,7,13
1953,1954,"LOSC Lille",17,13,4,11,8,15
1953,1954,"Nîmes Olympique",14,5,15,14,5,15
1953,1954,"OGC Nice",12,10,12,13,8,13
1953,1954,"Olympique de Marseille",10,9,15,13,7,14
1953,1954,"RC Lens",13,9,12,13,12,9
1953,1954,"RC Strasbourg",15,6,13,15,7,12
1953,1954,"Stade de Reims",18,10,6,19,6,9
1953,1954,"Toulouse FC",15,14,5,15,10,9
1954,1955,"AS Monaco FC",10,11,13,17,7,10
1954,1955,"AS Saint-Etienne",15,5,14,15,11,8
1954,1955,"ESTAC Troyes",12,6,16,5,9,20
1954,1955,"FC Metz",12,7,15,11,7,16
1954,1955,"FC Nancy",12,8,14,13,7,14
1954,1955,"FC Sochaux-Montbéliard",15,6,13,12,8,14
1954,1955,"Girondins de Bordeaux",14,7,13,9,6,19
1954,1955,"LOSC Lille",11,8,15,10,4,20
1954,1955,"Nîmes Olympique",14,5,15,11,9,14
1954,1955,"OGC Nice",13,8,13,18,7,9
1954,1955,"Olympique de Marseille",13,7,14,15,9,10
1954,1955,"Olympique Lyonnais",12,9,13,15,7,12
1954,1955,"RC Lens",13,12,9,19,4,11
1954,1955,"RC Paris",13,8,13,17,5,12
1954,1955,"RC Strasbourg",15,7,12,12,6,16
1954,1955,"Stade de Reims",19,6,9,13,8,13
1954,1955,"Toulouse FC",15,10,9,14,10,10
1955,1956,"AS Monaco FC",17,7,10,17,6,11
1955,1956,"AS Saint-Etienne",15,11,8,20,9,5
1955,1956,"CS Sedan",14,8,12,9,14,11
1955,1956,"FC Metz",11,7,16,9,10,15
1955,1956,"FC Nancy",13,7,14,8,9,17
1955,1956,"FC Sochaux-Montbéliard",12,8,14,14,5,15
1955,1956,"Nîmes Olympique",11,9,14,13,5,16
1955,1956,"OGC Nice",18,7,9,11,8,15
1955,1956,"Olympique de Marseille",15,9,10,16,7,11
1955,1956,"Olympique Lyonnais",15,7,12,13,4,17
1955,1956,"RC Lens",19,4,11,21,3,10
1955,1956,"RC Paris",17,5,12,17,8,9
1955,1956,"RC Strasbourg",12,6,16,9,8,17
1955,1956,"Stade de Reims",13,8,13,18,7,9
1955,1956,"Toulouse FC",14,10,10,12,8,14
1956,1957,"Angers SCO",10,11,13,16,9,9
1956,1957,"AS Monaco FC",17,6,11,15,11,8
1956,1957,"AS Saint-Etienne",20,9,5,10,17,7
1956,1957,"CS Sedan",9,14,11,16,6,12
1956,1957,"FC Metz",9,10,15,9,8,17
1956,1957,"FC Sochaux-Montbéliard",14,5,15,13,6,15
1956,1957,"Nîmes Olympique",13,5,16,16,9,9
1956,1957,"OGC Nice",11,8,15,10,11,13
1956,1957,"Olympique de Marseille",16,7,11,8,10,16
1956,1957,"Olympique Lyonnais",13,4,17,13,9,12
1956,1957,"RC Lens",21,3,10,13,7,14
1956,1957,"RC Paris",17,8,9,13,7,14
1956,1957,"Stade de Reims",18,7,9,22,4,8
1956,1957,"Toulouse FC",12,8,14,13,7,14
1956,1957,"Valenciennes FC",10,9,15,8,12,14
1957,1958,"Angers SCO",16,9,9,13,13,12
1957,1958,"AS Monaco FC",15,11,8,14,11,13
1957,1958,"AS Saint-Etienne",10,17,7,16,8,14
1957,1958,"CS Sedan",16,6,12,12,14,12
1957,1958,"FC Sochaux-Montbéliard",13,6,15,17,9,12
1957,1958,"LOSC Lille",17,3,14,9,11,18
1957,1958,"Nîmes Olympique",16,9,9,21,11,6
1957,1958,"OGC Nice",10,11,13,24,8,6
1957,1958,"Olympique d'Alès",10,8,16,8,8,22
1957,1958,"Olympique de Marseille",8,10,16,6,11,21
1957,1958,"Olympique Lyonnais",13,9,12,16,7,15
1957,1958,"RC Lens",13,7,14,12,8,18
1957,1958,"RC Paris",13,7,14,18,13,7
1957,1958,"Stade de Reims",22,4,8,19,10,9
1957,1958,"Toulouse FC",13,7,14,12,11,15
1957,1958,"Valenciennes FC",8,12,14,13,10,15
1958,1959,"Angers SCO",13,13,12,13,10,15
1958,1959,"AS Monaco FC",14,11,13,19,7,12
1958,1959,"AS Saint-Etienne",16,8,14,12,12,14
1958,1959,"CS Sedan",12,14,12,12,13,13
1958,1959,"FC Sochaux-Montbéliard",17,9,12,8,11,19
1958,1959,"Limoges FC",12,10,16,14,10,14
1958,1959,"Nîmes Olympique",21,11,6,22,9,7
1958,1959,"OGC Nice",24,8,6,17,6,15
1958,1959,"Olympique Lyonnais",16,7,15,10,11,17
1958,1959,"RC Lens",12,8,18,18,8,12
1958,1959,"RC Paris",18,13,7,19,11,8
1958,1959,"RC Strasbourg",14,10,14,9,7,22
1958,1959,"Stade de Reims",19,10,9,26,8,4
1958,1959,"Stade Rennais FC",13,10,15,13,7,18
1958,1959,"Toulouse FC",12,11,15,19,6,13
1958,1959,"Valenciennes FC",13,10,15,16,8,14
1959,1960,"Angers SCO",13,10,15,16,8,14
1959,1960,"AS Monaco FC",19,7,12,26,5,7
1959,1960,"AS Saint-Etienne",12,12,14,16,11,11
1959,1960,"CS Sedan",12,13,13,15,8,15
1959,1960,"Havre AC",15,12,11,13,10,15
1959,1960,"Limoges FC",14,10,14,11,8,19
1959,1960,"Nîmes Olympique",22,9,7,17,8,13
1959,1960,"OGC Nice",17,6,15,13,8,17
1959,1960,"Olympique Lyonnais",10,11,17,13,8,17
1959,1960,"RC Lens",18,8,12,14,9,15
1959,1960,"RC Paris",19,11,8,23,10,5
1959,1960,"Stade de Reims",26,8,4,23,4,11
1959,1960,"Stade Français",14,6,18,12,8,18
1959,1960,"Stade Rennais FC",13,7,18,12,10,16
1959,1960,"Toulouse FC",19,6,13,13,10,15
1959,1960,"Valenciennes FC",16,8,14,12,6,20
1960,1961,"Angers SCO",16,8,14,13,10,15
1960,1961,"AS Monaco FC",26,5,7,17,9,12
1960,1961,"AS Saint-Etienne",16,11,11,10,10,18
1960,1961,"CS Sedan",15,8,15,16,11,11
1960,1961,"FC Nancy",13,13,12,16,12,10
1960,1961,"FC Rouen 1899",21,4,13,14,10,14
1960,1961,"Havre AC",13,10,15,7,14,17
1960,1961,"Nîmes Olympique",17,8,13,21,5,12
1960,1961,"OGC Nice",13,8,17,16,6,16
1960,1961,"Olympique Lyonnais",13,8,17,13,7,18
1960,1961,"RC Lens",14,9,15,19,4,15
1960,1961,"RC Paris",23,10,5,21,6,11
1960,1961,"Stade de Reims",23,4,11,21,6,11
1960,1961,"Stade Français",12,8,18,13,12,13
1960,1961,"Stade Rennais FC",12,10,16,13,12,13
1960,1961,"Toulouse FC",13,10,15,16,6,16
1961,1962,"Angers SCO",13,10,15,13,11,14
1961,1962,"AS Monaco FC",17,9,12,20,10,8
1961,1962,"CS Sedan",16,11,11,19,8,11
1961,1962,"FC Nancy",16,12,10,9,10,19
1961,1962,"FC Rouen 1899",14,10,14,18,6,14
1961,1962,"Nîmes Olympique",21,5,12,16,10,12
1961,1962,"OGC Nice",16,6,16,14,10,14
1961,1962,"Olympique Lyonnais",13,7,18,15,13,10
1961,1962,"RC Lens",19,4,15,10,10,18
1961,1962,"RC Paris",21,6,11,14,13,11
1961,1962,"RC Strasbourg",12,10,16,9,16,13
1961,1962,"SO Montpellier",15,9,14,9,9,20
1961,1962,"Stade de Reims",21,6,11,19,9,10
1961,1962,"Stade Français",13,12,13,11,10,17
1961,1962,"Stade Rennais FC",13,12,13,14,13,11
1961,1962,"Toulouse FC",16,6,16,16,10,12
1962,1963,"Angers SCO",13,11,14,11,11,12
1962,1963,"AS Monaco FC",20,10,8,17,7,10
1962,1963,"CS Sedan",19,8,11,14,4,16
1962,1963,"FC Rouen 1899",18,6,14,12,8,14
1962,1963,"Girondins de Bordeaux",15,15,8,13,8,13
1962,1963,"Nîmes Olympique",16,10,12,12,8,14
1962,1963,"OGC Nice",14,10,14,7,9,18
1962,1963,"Olympique Lyonnais",15,13,10,15,9,10
1962,1963,"RC Lens",10,10,18,17,6,11
1962,1963,"RC Paris",14,13,11,12,7,15
1962,1963,"RC Strasbourg",9,16,13,11,11,12
1962,1963,"Stade de Reims",19,9,10,8,11,15
1962,1963,"Stade Français",11,10,17,13,6,15
1962,1963,"Stade Rennais FC",14,13,11,12,9,13
1962,1963,"Toulouse FC",16,10,12,13,11,10
1962,1963,"Valenciennes FC",13,15,10,14,7,13
1963,1964,"Angers SCO",11,11,12,12,7,15
1963,1964,"AS Monaco FC",17,7,10,13,7,14
1963,1964,"AS Saint-Etienne",18,8,8,13,9,12
1963,1964,"CS Sedan",14,4,16,11,8,15
1963,1964,"FC Nantes",13,8,13,16,11,7
1963,1964,"FC Rouen 1899",12,8,14,12,6,16
1963,1964,"Girondins de Bordeaux",13,8,13,16,9,9
1963,1964,"Nîmes Olympique",12,8,14,13,3,18
1963,1964,"Olympique Lyonnais",15,9,10,13,10,11
1963,1964,"RC Lens",17,6,11,12,11,11
1963,1964,"RC Strasbourg",11,11,12,13,12,9
1963,1964,"Stade Français",13,6,15,9,12,13
1963,1964,"Stade Rennais FC",12,9,13,15,8,11
1963,1964,"Toulouse FC",13,11,10,12,9,13
1963,1964,"Valenciennes FC",14,7,13,14,12,8
1964,1965,"Angers SCO",12,7,15,13,10,15
1964,1965,"AS Monaco FC",13,7,14,13,9,16
1964,1965,"AS Saint-Etienne",13,9,12,19,7,12
1964,1965,"CS Sedan",11,8,15,13,12,13
1964,1965,"FC Nantes",16,11,7,26,8,4
1964,1965,"FC Rouen 1899",12,6,16,10,14,14
1964,1965,"FC Sochaux-Montbéliard",13,8,13,15,9,14
1964,1965,"Girondins de Bordeaux",16,9,9,22,9,7
1964,1965,"LOSC Lille",10,14,10,12,6,20
1964,1965,"Nîmes Olympique",13,3,18,12,9,17
1964,1965,"Olympique Lyonnais",13,10,11,12,9,17
1964,1965,"RC Lens",12,11,11,13,10,15
1964,1965,"RC Strasbourg",13,12,9,13,12,13
1964,1965,"Stade Français",9,12,13,10,13,15
1964,1965,"Stade Rennais FC",15,8,11,18,6,14
1964,1965,"Toulouse FC",12,9,13,19,8,11
1964,1965,"Valenciennes FC",14,12,8,19,14,5
1965,1966,"Angers SCO",13,10,15,14,16,8
1965,1966,"AS Monaco FC",13,9,16,10,14,14
1965,1966,"AS Saint-Etienne",19,7,12,24,6,8
1965,1966,"CS Sedan",13,12,13,13,16,9
1965,1966,"FC Nantes",26,8,4,17,16,5
1965,1966,"FC Rouen 1899",10,14,14,11,11,16
1965,1966,"FC Sochaux-Montbéliard",15,9,14,11,13,14
1965,1966,"Girondins de Bordeaux",22,9,7,16,11,11
1965,1966,"LOSC Lille",12,6,20,15,8,15
1965,1966,"Nîmes Olympique",12,9,17,12,8,18
1965,1966,"OGC Nice",16,4,18,17,7,14
1965,1966,"Olympique Lyonnais",12,9,17,10,14,14
1965,1966,"RC Lens",13,10,15,15,10,13
1965,1966,"RC Strasbourg",13,12,13,14,8,16
1965,1966,"Stade Français",10,13,15,6,14,18
1965,1966,"Stade Rennais FC",18,6,14,14,9,15
1965,1966,"Toulouse FC",19,8,11,10,12,16
1965,1966,"Valenciennes FC",19,14,5,15,10,13
1966,1967,"Angers SCO",14,16,8,12,10,16
1966,1967,"AS Monaco FC",10,14,14,15,7,16
1966,1967,"AS Saint-Etienne",24,6,8,24,9,5
1966,1967,"CS Sedan",13,16,9,15,8,15
1966,1967,"FC Nantes",17,16,5,15,11,12
1966,1967,"FC Rouen 1899",11,11,16,15,5,18
1966,1967,"FC Sochaux-Montbéliard",11,13,14,16,11,11
1966,1967,"Girondins de Bordeaux",16,11,11,18,4,16
1966,1967,"LOSC Lille",15,8,15,9,9,20
1966,1967,"OGC Nice",17,7,14,18,10,10
1966,1967,"Olympique de Marseille",13,13,12,17,9,12
1966,1967,"Olympique Lyonnais",10,14,14,12,12,14
1966,1967,"RC Lens",15,10,13,13,8,17
1966,1967,"RC Strasbourg",14,8,16,13,8,17
1966,1967,"Stade Rennais FC",14,9,15,13,10,15
1966,1967,"Valenciennes FC",15,10,13,17,8,13
1967,1968,"AC Ajaccio",16,7,15,10,8,16
1967,1968,"AS Monaco FC",15,7,16,7,13,14
1967,1968,"AS Red Star 93",12,12,14,8,13,13
1967,1968,"AS Saint-Etienne",24,9,5,24,5,5
1967,1968,"CS Sedan",15,8,15,15,9,10
1967,1968,"FC Metz",15,12,11,16,10,8
1967,1968,"FC Nantes",15,11,12,13,6,15
1967,1968,"FC Rouen 1899",15,5,18,16,8,10
1967,1968,"FC Sochaux-Montbéliard",16,11,11,11,7,16
1967,1968,"Girondins de Bordeaux",18,4,16,22,7,5
1967,1968,"OGC Nice",18,10,10,6,9,19
1967,1968,"Olympique de Marseille",17,9,12,12,9,13
1967,1968,"Olympique Lyonnais",12,12,14,13,6,15
1967,1968,"RC Strasbourg",13,8,17,10,9,15
1967,1968,"Stade Rennais FC",13,10,15,12,7,15
1967,1968,"Valenciennes FC",17,8,13,10,13,11
1968,1969,"AC Ajaccio",10,8,16,11,4,19
1968,1969,"AS Red Star 93",8,13,13,11,8,15
1968,1969,"AS Saint-Etienne",24,5,5,25,6,3
1968,1969,"CS Sedan",15,9,10,17,8,9
1968,1969,"FC Metz",16,10,8,13,8,13
1968,1969,"FC Nantes",13,6,15,13,7,14
1968,1969,"FC Rouen 1899",16,8,10,10,12,12
1968,1969,"FC Sochaux-Montbéliard",11,7,16,12,10,12
1968,1969,"Girondins de Bordeaux",22,7,5,13,10,11
1968,1969,"Nîmes Olympique",8,13,13,13,6,15
1968,1969,"Olympique de Marseille",12,9,13,18,9,7
1968,1969,"Olympique Lyonnais",13,6,15,12,4,18
1968,1969,"RC Strasbourg",10,9,15,15,6,13
1968,1969,"SC Bastia",13,8,13,10,4,20
1968,1969,"Stade Rennais FC",12,7,15,9,11,14
1968,1969,"Valenciennes FC",10,13,11,8,6,20
1969,1970,"AC Ajaccio",11,4,19,16,8,14
1969,1970,"Angers SCO",13,9,12,15,5,18
1969,1970,"Angoulême",12,14,8,10,12,16
1969,1970,"AS Red Star 93",11,8,15,11,11,16
1969,1970,"AS Saint-Etienne",25,6,3,20,11,7
1969,1970,"CS Sedan",17,8,9,10,8,20
1969,1970,"FC Metz",13,8,13,13,14,11
1969,1970,"FC Nantes",13,7,14,17,12,9
1969,1970,"FC Sochaux-Montbéliard",12,10,12,14,10,14
1969,1970,"Girondins de Bordeaux",13,10,11,16,8,14
1969,1970,"Nîmes Olympique",13,6,15,17,11,10
1969,1970,"Olympique de Marseille",18,9,7,23,9,6
1969,1970,"Olympique Lyonnais",12,4,18,14,12,12
1969,1970,"RC Strasbourg",15,6,13,13,5,20
1969,1970,"SC Bastia",10,4,20,12,8,18
1969,1970,"Stade Rennais FC",9,11,14,14,9,15
1969,1970,"Valenciennes FC",8,6,20,10,9,19
1970,1971,"AC Ajaccio",16,8,14,12,9,17
1970,1971,"Angers SCO",15,5,18,19,7,12
1970,1971,"Angoulême",10,12,16,8,7,23
1970,1971,"AS Nancy-Lorraine",12,11,15,14,12,12
1970,1971,"AS Red Star 93",11,11,16,10,10,18
1970,1971,"AS Saint-Etienne",20,11,7,20,4,14
1970,1971,"FC Metz",13,14,11,13,7,18
1970,1971,"FC Nantes",17,12,9,17,9,12
1970,1971,"FC Sochaux-Montbéliard",14,10,14,21,5,12
1970,1971,"Girondins de Bordeaux",16,8,14,12,11,15
1970,1971,"Nîmes Olympique",17,11,10,21,9,8
1970,1971,"OGC Nice",12,10,16,15,12,11
1970,1971,"Olympique de Marseille",23,9,6,24,8,6
1970,1971,"Olympique Lyonnais",14,12,12,18,9,11
1970,1971,"SC Bastia",12,8,18,20,2,16
1970,1971,"Stade de Reims",14,11,13,9,13,16
1970,1971,"Stade Rennais FC",14,9,15,13,12,13
1971,1972,"AC Ajaccio",12,9,17,7,9,22
1971,1972,"Angers SCO",19,7,12,16,11,11
1971,1972,"AS Nancy-Lorraine",14,12,12,16,10,12
1971,1972,"AS Red Star 93",10,10,18,7,14,17
1971,1972,"AS Saint-Etienne",20,4,14,18,10,10
1971,1972,"FC Metz",13,7,18,13,9,16
1971,1972,"FC Nantes",17,9,12,23,9,6
1971,1972,"FC Sochaux-Montbéliard",21,5,12,12,13,13
1971,1972,"Girondins de Bordeaux",12,11,15,12,11,15
1971,1972,"Nîmes Olympique",21,9,8,16,10,12
1971,1972,"OGC Nice",15,12,11,20,10,8
1971,1972,"Olympique de Marseille",24,8,6,19,10,9
1971,1972,"Olympique Lyonnais",18,9,11,14,7,17
1971,1972,"SC Bastia",20,2,16,15,8,15
1971,1972,"Stade de Reims",9,13,16,15,11,12
1971,1972,"Stade Rennais FC",13,12,13,14,10,14
1972,1973,"Angers SCO",16,11,11,17,9,12
1972,1973,"AS Nancy-Lorraine",16,10,12,10,13,15
1972,1973,"AS Saint-Etienne",18,10,10,23,9,6
1972,1973,"CS Sedan",11,8,19,8,9,21
1972,1973,"FC Metz",13,9,16,14,7,17
1972,1973,"FC Nantes",23,9,6,19,9,10
1972,1973,"FC Sochaux-Montbéliard",12,13,13,17,8,13
1972,1973,"Girondins de Bordeaux",12,11,15,11,12,15
1972,1973,"Nîmes Olympique",16,10,12,13,15,10
1972,1973,"OGC Nice",20,10,8,16,10,12
1972,1973,"Olympique de Marseille",19,10,9,13,9,16
1972,1973,"Olympique Lyonnais",14,7,17,18,11,9
1972,1973,"Paris FC",13,10,15,9,9,20
1972,1973,"RC Strasbourg",9,12,17,13,11,14
1972,1973,"SC Bastia",15,8,15,14,8,16
1972,1973,"Stade de Reims",15,11,12,16,7,15
1972,1973,"Stade Rennais FC",14,10,14,16,8,14
1973,1974,"Angers SCO",17,9,12,9,10,19
1973,1974,"AS Monaco FC",11,11,16,18,4,16
1973,1974,"AS Saint-Etienne",23,9,6,23,6,9
1973,1974,"ESTAC Troyes",11,11,16,12,10,16
1973,1974,"FC Metz",14,7,17,15,10,13
1973,1974,"FC Nantes",19,9,10,16,11,11
1973,1974,"FC Sochaux-Montbéliard",17,8,13,11,10,17
1973,1974,"Girondins de Bordeaux",11,12,15,15,7,16
1973,1974,"Nîmes Olympique",13,15,10,16,11,11
1973,1974,"OGC Nice",16,10,12,13,10,15
1973,1974,"Olympique de Marseille",13,9,16,18,9,11
1973,1974,"Olympique Lyonnais",18,11,9,16,11,11
1973,1974,"RC Lens",14,8,16,16,8,14
1973,1974,"RC Strasbourg",13,11,14,16,8,14
1973,1974,"SC Bastia",14,8,16,15,11,12
1973,1974,"Stade de Reims",16,7,15,15,8,15
1973,1974,"Stade Rennais FC",16,8,14,10,11,17
1974,1975,"AS Monaco FC",18,4,16,12,9,17
1974,1975,"AS Saint-Etienne",23,6,9,18,15,5
1974,1975,"ESTAC Troyes",12,10,16,9,16,13
1974,1975,"FC Metz",15,10,13,18,4,16
1974,1975,"FC Nantes",16,11,11,15,14,9
1974,1975,"FC Sochaux-Montbéliard",11,10,17,16,14,8
1974,1975,"Girondins de Bordeaux",15,7,16,15,9,14
1974,1975,"LOSC Lille",15,5,18,14,8,16
1974,1975,"Nîmes Olympique",16,11,11,14,9,15
1974,1975,"OGC Nice",13,10,15,17,13,8
1974,1975,"Olympique de Marseille",18,9,11,20,1,17
1974,1975,"Olympique Lyonnais",16,11,11,13,7,18
1974,1975,"Paris Saint-Germain",12,12,14,13,11,14
1974,1975,"RC Lens",16,8,14,10,16,12
1974,1975,"RC Strasbourg",16,8,14,9,11,18
1974,1975,"SC Bastia",15,11,12,14,13,11
1974,1975,"Stade de Reims",15,8,15,17,8,13
1975,1976,"AS Nancy-Lorraine",14,10,14,18,9,11
1975,1976,"AS Saint-Etienne",18,15,5,17,11,10
1975,1976,"ESTAC Troyes",9,16,13,13,7,18
1975,1976,"FC Metz",18,4,16,17,9,12
1975,1976,"FC Nantes",15,14,9,25,8,5
1975,1976,"FC Sochaux-Montbéliard",16,14,8,12,10,16
1975,1976,"Girondins de Bordeaux",15,9,14,15,8,15
1975,1976,"LOSC Lille",14,8,16,7,7,24
1975,1976,"Nîmes Olympique",14,9,15,12,10,16
1975,1976,"OGC Nice",17,13,8,19,6,13
1975,1976,"Olympique de Marseille",20,1,17,14,8,16
1975,1976,"Olympique Lyonnais",13,7,18,17,10,11
1975,1976,"Paris Saint-Germain",13,11,14,17,8,13
1975,1976,"RC Lens",10,16,12,19,11,8
1975,1976,"SC Bastia",14,13,11,20,7,11
1975,1976,"Stade de Reims",17,8,13,12,12,14
1975,1976,"Valenciennes FC",13,10,15,9,13,16
1976,1977,"AS Nancy-Lorraine",18,9,11,17,9,12
1976,1977,"AS Saint-Etienne",17,11,10,18,6,14
1976,1977,"ESTAC Troyes",13,7,18,11,9,18
1976,1977,"FC Metz",17,9,12,13,9,16
1976,1977,"FC Nantes",25,8,5,21,10,7
1976,1977,"FC Sochaux-Montbéliard",12,10,16,15,10,13
1976,1977,"Girondins de Bordeaux",15,8,15,12,8,18
1976,1977,"Nîmes Olympique",12,10,16,11,11,16
1976,1977,"OGC Nice",19,6,13,17,7,14
1976,1977,"Olympique de Marseille",14,8,16,20,7,11
1976,1977,"Olympique Lyonnais",17,10,11,12,7,19
1976,1977,"Paris Saint-Germain",17,8,13,14,8,16
1976,1977,"RC Lens",19,11,8,12,7,19
1976,1977,"SC Bastia",20,7,11,19,6,13
1976,1977,"Stade de Reims",12,12,14,11,10,17
1976,1977,"Stade Lavallois",11,10,17,15,7,16
1976,1977,"Valenciennes FC",9,13,16,11,10,17
1977,1978,"AS Monaco FC",22,9,7,18,8,12
1977,1978,"AS Nancy-Lorraine",17,9,12,15,8,15
1977,1978,"AS Saint-Etienne",18,6,14,24,6,8
1977,1978,"FC Metz",13,9,16,19,6,13
1977,1978,"FC Nantes",21,10,7,23,8,7
1977,1978,"FC Sochaux-Montbéliard",15,10,13,15,9,14
1977,1978,"Girondins de Bordeaux",12,8,18,12,15,11
1977,1978,"Nîmes Olympique",11,11,16,15,9,14
1977,1978,"OGC Nice",17,7,14,11,10,17
1977,1978,"Olympique de Marseille",20,7,11,12,13,13
1977,1978,"Olympique Lyonnais",12,7,19,15,10,13
1977,1978,"Paris Saint-Germain",14,8,16,14,8,16
1977,1978,"RC Strasbourg",19,12,7,22,12,4
1977,1978,"SC Bastia",19,6,13,13,9,16
1977,1978,"Stade de Reims",11,10,17,3,11,24
1977,1978,"Stade Lavallois",15,7,16,8,14,16
1977,1978,"Valenciennes FC",11,10,17,9,10,19
1978,1979,"Angers SCO",8,14,16,14,7,17
1978,1979,"AS Monaco FC",18,8,12,21,8,9
1978,1979,"AS Nancy-Lorraine",15,8,15,15,7,16
1978,1979,"AS Saint-Etienne",24,6,8,23,8,7
1978,1979,"FC Metz",19,6,13,12,8,18
1978,1979,"FC Nantes",23,8,7,26,5,7
1978,1979,"FC Sochaux-Montbéliard",15,9,14,24,6,8
1978,1979,"Girondins de Bordeaux",12,15,11,16,8,14
1978,1979,"LOSC Lille",11,18,9,12,11,15
1978,1979,"Nîmes Olympique",15,9,14,15,8,15
1978,1979,"OGC Nice",11,10,17,13,6,19
1978,1979,"Olympique de Marseille",12,13,13,9,6,23
1978,1979,"Olympique Lyonnais",15,10,13,10,9,19
1978,1979,"Paris Saint-Germain",14,8,16,15,10,13
1978,1979,"RC Strasbourg",22,12,4,17,9,12
1978,1979,"SC Bastia",13,9,16,14,4,20
1978,1979,"Stade Lavallois",8,14,16,15,5,18
1978,1979,"Valenciennes FC",9,10,19,14,12,12
1979,1980,"Angers SCO",14,7,17,5,14,19
1979,1980,"AS Monaco FC",21,8,9,19,11,8
1979,1980,"AS Nancy-Lorraine",15,7,16,15,7,16
1979,1980,"AS Saint-Etienne",23,8,7,23,11,4
1979,1980,"FC Metz",12,8,18,10,16,12
1979,1980,"FC Nantes",26,5,7,22,11,5
1979,1980,"FC Sochaux-Montbéliard",24,6,8,10,14,14
1979,1980,"Girondins de Bordeaux",16,8,14,18,13,7
1979,1980,"LOSC Lille",12,11,15,10,11,17
1979,1980,"Nîmes Olympique",15,8,15,6,14,18
1979,1980,"OGC Nice",13,6,19,10,12,16
1979,1980,"Olympique Lyonnais",10,9,19,14,13,11
1979,1980,"Paris Saint-Germain",15,10,13,17,12,9
1979,1980,"RC Lens",14,10,14,10,14,14
1979,1980,"RC Strasbourg",17,9,12,14,12,12
1979,1980,"SC Bastia",14,4,20,13,9,16
1979,1980,"Stade Lavallois",15,5,18,10,11,17
1979,1980,"Valenciennes FC",14,12,12,12,12,14
1980,1981,"AJ Auxerre",10,16,12,11,12,15
1980,1981,"AS Monaco FC",19,11,8,24,7,7
1980,1981,"AS Nancy-Lorraine",15,7,16,13,13,12
1980,1981,"AS Saint-Etienne",23,11,4,22,10,6
1980,1981,"FC Metz",10,16,12,8,16,14
1980,1981,"FC Nantes",22,11,5,19,5,14
1980,1981,"FC Sochaux-Montbéliard",10,14,14,20,9,9
1980,1981,"Girondins de Bordeaux",18,13,7,19,10,9
1980,1981,"LOSC Lille",10,11,17,13,8,17
1980,1981,"OGC Nice",10,12,16,7,9,22
1980,1981,"Olympique Lyonnais",14,13,11,13,6,19
1980,1981,"Paris Saint-Germain",17,12,9,17,9,12
1980,1981,"RC Lens",10,14,14,12,10,16
1980,1981,"RC Strasbourg",14,12,12,12,12,14
1980,1981,"SC Bastia",13,9,16,12,11,15
1980,1981,"Stade Lavallois",10,11,17,16,12,10
1980,1981,"Tours FC",9,13,16,14,7,17
1980,1981,"Valenciennes FC",12,12,14,10,10,18
1981,1982,"AJ Auxerre",11,12,15,12,14,12
1981,1982,"AS Monaco FC",24,7,7,14,15,9
1981,1982,"AS Nancy-Lorraine",13,13,12,17,7,14
1981,1982,"AS Saint-Etienne",22,10,6,11,12,15
1981,1982,"FC Metz",8,16,14,13,11,14
1981,1982,"FC Nantes",19,5,14,24,10,4
1981,1982,"FC Sochaux-Montbéliard",20,9,9,9,17,12
1981,1982,"Girondins de Bordeaux",19,10,9,20,8,10
1981,1982,"LOSC Lille",13,8,17,13,8,17
1981,1982,"Olympique Lyonnais",13,6,19,11,6,21
1981,1982,"Paris Saint-Germain",17,9,12,20,7,11
1981,1982,"RC Lens",12,10,16,18,8,12
1981,1982,"RC Strasbourg",12,12,14,11,11,16
1981,1982,"SC Bastia",12,11,15,9,14,15
1981,1982,"Stade Brestois 29",14,10,14,11,15,12
1981,1982,"Stade Lavallois",16,12,10,15,14,9
1981,1982,"Tours FC",14,7,17,12,7,19
1982,1983,"AJ Auxerre",12,14,12,21,7,10
1982,1983,"AS Monaco FC",14,15,9,22,10,6
1982,1983,"AS Nancy-Lorraine",17,7,14,10,12,16
1982,1983,"AS Saint-Etienne",11,12,15,11,8,19
1982,1983,"FC Metz",13,11,14,13,9,16
1982,1983,"FC Nantes",24,10,4,18,9,11
1982,1983,"FC Rouen 1899",11,10,17,13,8,17
1982,1983,"FC Sochaux-Montbéliard",9,17,12,14,13,11
1982,1983,"Girondins de Bordeaux",20,8,10,23,8,7
1982,1983,"LOSC Lille",13,8,17,13,11,14
1982,1983,"Paris Saint-Germain",20,7,11,18,11,9
1982,1983,"RC Lens",18,8,12,14,7,17
1982,1983,"RC Strasbourg",11,11,16,11,17,10
1982,1983,"SC Bastia",9,14,15,14,8,16
1982,1983,"Stade Brestois 29",11,15,12,9,13,16
1982,1983,"Stade Lavallois",15,14,9,12,12,14
1982,1983,"Toulouse FC",15,6,17,19,7,12
1983,1984,"AJ Auxerre",21,7,10,18,11,9
1983,1984,"AS Monaco FC",22,10,6,18,12,8
1983,1984,"AS Nancy-Lorraine",10,12,16,12,10,16
1983,1984,"FC Metz",13,9,16,18,9,11
1983,1984,"FC Nantes",18,9,11,24,8,6
1983,1984,"FC Rouen 1899",13,8,17,8,13,17
1983,1984,"FC Sochaux-Montbéliard",14,13,11,12,14,12
1983,1984,"Girondins de Bordeaux",23,8,7,25,9,4
1983,1984,"LOSC Lille",13,11,14,9,13,16
1983,1984,"Paris Saint-Germain",18,11,9,13,7,18
1983,1984,"RC Lens",14,7,17,16,8,14
1983,1984,"RC Strasbourg",11,17,10,9,13,16
1983,1984,"SC Bastia",14,8,16,11,10,17
1983,1984,"SC Toulon",12,8,18,19,6,13
1983,1984,"Stade Brestois 29",9,13,16,11,14,13
1983,1984,"Stade Lavallois",12,12,14,12,12,14
1983,1984,"Toulouse FC",19,7,12,11,13,14
1984,1985,"AJ Auxerre",18,11,9,16,9,13
1984,1985,"AS Monaco FC",18,12,8,9,19,10
1984,1985,"AS Nancy-Lorraine",12,10,16,13,7,18
1984,1985,"FC Metz",18,9,11,15,12,11
1984,1985,"FC Nantes",24,8,6,20,13,5
1984,1985,"FC Sochaux-Montbéliard",12,14,12,11,12,15
1984,1985,"Girondins de Bordeaux",25,9,4,18,13,7
1984,1985,"LOSC Lille",9,13,16,13,10,15
1984,1985,"Olympique de Marseille",13,5,20,11,12,15
1984,1985,"Paris Saint-Germain",13,7,18,23,10,5
1984,1985,"RC Lens",16,8,14,15,13,10
1984,1985,"RC Strasbourg",9,13,16,10,11,17
1984,1985,"SC Bastia",11,10,17,5,10,23
1984,1985,"SC Toulon",19,6,13,9,15,14
1984,1985,"Stade Brestois 29",11,14,13,13,8,17
1984,1985,"Stade Lavallois",12,12,14,11,13,14
1984,1985,"Toulouse FC",11,13,14,18,7,13
1985,1986,"AJ Auxerre",16,9,13,17,13,8
1985,1986,"AS Monaco FC",9,19,10,15,15,8
1985,1986,"AS Nancy-Lorraine",13,7,18,8,13,17
1985,1986,"FC Metz",15,12,11,14,15,9
1985,1986,"FC Nantes",20,13,5,12,12,14
1985,1986,"FC Sochaux-Montbéliard",11,12,15,9,13,16
1985,1986,"Girondins de Bordeaux",18,13,7,20,13,5
1985,1986,"Havre AC",11,11,16,8,16,14
1985,1986,"LOSC Lille",13,10,15,12,10,16
1985,1986,"OGC Nice",14,11,13,15,7,16
1985,1986,"Olympique de Marseille",11,12,15,18,13,7
1985,1986,"Paris Saint-Germain",23,10,5,14,13,11
1985,1986,"RC Lens",15,13,10,11,15,12
1985,1986,"SC Toulon",9,15,14,10,14,14
1985,1986,"Stade Brestois 29",13,8,17,14,12,12
1985,1986,"Stade Lavallois",11,13,14,12,14,12
1985,1986,"Stade Rennais FC",12,10,16,5,7,26
1985,1986,"Toulouse FC",18,7,13,18,12,8
1986,1987,"AJ Auxerre",17,13,8,12,15,11
1986,1987,"AS Monaco FC",15,15,8,20,12,6
1986,1987,"AS Saint-Etienne",9,15,14,18,6,14
1986,1987,"FC Metz",14,15,9,16,8,14
1986,1987,"FC Nantes",12,12,14,13,13,12
1986,1987,"Girondins de Bordeaux",20,13,5,18,10,10
1986,1987,"Havre AC",8,16,14,8,11,19
1986,1987,"LOSC Lille",12,10,16,14,9,15
1986,1987,"OGC Nice",15,7,16,15,3,20
1986,1987,"Olympique de Marseille",18,13,7,18,5,15
1986,1987,"Paris Saint-Germain",14,13,11,12,10,16
1986,1987,"RC Lens",11,15,12,13,7,18
1986,1987,"RC Paris",14,8,16,12,17,9
1986,1987,"SC Toulon",10,14,14,14,13,11
1986,1987,"Stade Brestois 29",14,12,12,11,10,17
1986,1987,"Stade Lavallois",12,14,12,12,10,16
1986,1987,"Toulouse FC",18,12,8,14,7,17
1987,1988,"AJ Auxerre",12,15,11,18,9,11
1987,1988,"AS Cannes",13,11,14,14,8,16
1987,1988,"AS Monaco FC",20,12,6,18,14,6
1987,1988,"AS Saint-Etienne",18,6,14,12,12,14
1987,1988,"FC Metz",16,8,14,12,11,15
1987,1988,"FC Nantes",13,13,12,15,12,11
1987,1988,"Girondins de Bordeaux",18,10,10,12,13,13
1987,1988,"LOSC Lille",14,9,15,15,11,12
1987,1988,"Montpellier Hérault SC",18,9,11,14,10,14
1987,1988,"OGC Nice",15,3,20,16,9,13
1987,1988,"Olympique de Marseille",18,5,15,20,13,5
1987,1988,"Paris Saint-Germain",12,10,16,19,13,6
1987,1988,"RC Lens",13,7,18,3,8,27
1987,1988,"RC Paris",12,17,9,10,9,19
1987,1988,"SC Toulon",14,13,11,12,14,12
1987,1988,"Stade Lavallois",12,10,16,8,11,19
1987,1988,"Toulouse FC",14,7,17,12,15,11
1988,1989,"AJ Auxerre",18,9,11,14,13,11
1988,1989,"AS Cannes",14,8,16,12,12,14
1988,1989,"AS Monaco FC",18,14,6,15,16,7
1988,1989,"AS Saint-Etienne",12,12,14,11,12,15
1988,1989,"FC Metz",12,11,15,8,18,12
1988,1989,"FC Nantes",15,12,11,13,14,11
1988,1989,"FC Sochaux-Montbéliard",19,11,8,17,9,12
1988,1989,"Girondins de Bordeaux",12,13,13,22,7,9
1988,1989,"LOSC Lille",15,11,12,12,9,17
1988,1989,"Montpellier Hérault SC",14,10,14,12,10,16
1988,1989,"OGC Nice",16,9,13,9,13,16
1988,1989,"Olympique de Marseille",20,13,5,22,9,7
1988,1989,"Paris Saint-Germain",19,13,6,18,6,14
1988,1989,"RC Paris",10,9,19,10,10,18
1988,1989,"SC Toulon",12,14,12,12,11,15
1988,1989,"SM Caen",10,10,18,12,10,16
1988,1989,"Toulouse FC",12,15,11,13,12,13
1989,1990,"AJ Auxerre",14,13,11,19,10,9
1989,1990,"AS Cannes",12,12,14,12,17,9
1989,1990,"AS Monaco FC",15,16,7,20,11,7
1989,1990,"AS Saint-Etienne",11,12,15,13,9,16
1989,1990,"FC Metz",8,18,12,12,12,14
1989,1990,"FC Nantes",13,14,11,9,16,13
1989,1990,"FC Sochaux-Montbéliard",17,9,12,8,16,14
1989,1990,"Girondins de Bordeaux",22,7,9,11,15,12
1989,1990,"LOSC Lille",12,9,17,11,17,10
1989,1990,"Montpellier Hérault SC",12,10,16,12,14,12
1989,1990,"OGC Nice",9,13,16,10,14,14
1989,1990,"Olympique de Marseille",22,9,7,22,11,5
1989,1990,"Olympique Lyonnais",14,11,13,15,11,12
1989,1990,"Paris Saint-Germain",18,6,14,12,13,13
1989,1990,"SC Toulon",12,11,15,9,17,12
1989,1990,"SM Caen",12,10,16,13,12,13
1989,1990,"Stade Brestois 29",15,8,15,11,15,12
1989,1990,"Toulouse FC",13,12,13,8,15,15
1990,1991,"AJ Auxerre",19,10,9,16,12,10
1990,1991,"AS Cannes",12,17,9,8,12,18
1990,1991,"AS Monaco FC",20,11,7,22,8,8
1990,1991,"AS Nancy-Lorraine",11,11,16,10,8,20
1990,1991,"AS Saint-Etienne",13,9,16,13,11,14
1990,1991,"FC Metz",12,12,14,12,11,15
1990,1991,"FC Nantes",9,16,13,12,14,12
1990,1991,"FC Sochaux-Montbéliard",8,16,14,9,13,16
1990,1991,"LOSC Lille",11,17,10,11,13,14
1990,1991,"Montpellier Hérault SC",12,14,12,12,18,8
1990,1991,"Olympique de Marseille",22,11,5,23,12,3
1990,1991,"Olympique Lyonnais",15,11,12,10,11,17
1990,1991,"Paris Saint-Germain",12,13,13,15,17,6
1990,1991,"SC Toulon",9,17,12,13,6,19
1990,1991,"SM Caen",13,12,13,17,10,11
1990,1991,"Stade Rennais FC",7,14,17,6,17,15
1990,1991,"Toulouse FC",8,15,15,11,14,13
1991,1992,"AJ Auxerre",16,12,10,18,7,13
1991,1992,"AS Monaco FC",22,8,8,21,9,8
1991,1992,"AS Saint-Etienne",13,11,14,13,17,8
1991,1992,"FC Metz",12,11,15,11,13,14
1991,1992,"FC Nantes",12,14,12,17,11,10
1991,1992,"FC Sochaux-Montbéliard",9,13,16,11,10,17
1991,1992,"Havre AC",13,16,9,11,11,16
1991,1992,"LOSC Lille",11,13,14,7,16,15
1991,1992,"Montpellier Hérault SC",12,18,8,12,12,14
1991,1992,"Nîmes Olympique",9,14,15,3,16,19
1991,1992,"Olympique de Marseille",23,12,3,22,10,6
1991,1992,"Olympique Lyonnais",10,11,17,9,15,14
1991,1992,"Paris Saint-Germain",15,17,6,20,11,7
1991,1992,"RC Lens",11,17,10,12,16,10
1991,1992,"SC Toulon",13,6,19,6,13,19
1991,1992,"SM Caen",17,10,11,13,9,16
1991,1992,"Toulouse FC",11,14,13,9,16,13
1992,1993,"AJ Auxerre",18,7,13,18,10,10
1992,1993,"AS Monaco FC",21,9,8,14,13,11
1992,1993,"AS Saint-Etienne",13,17,8,12,13,13
1992,1993,"FC Metz",11,13,14,12,13,13
1992,1993,"FC Nantes",17,11,10,17,11,10
1992,1993,"FC Sochaux-Montbéliard",11,10,17,10,13,15
1992,1993,"Girondins de Bordeaux",18,12,8,19,8,11
1992,1993,"Havre AC",11,11,16,7,15,16
1992,1993,"LOSC Lille",7,16,15,8,16,14
1992,1993,"Montpellier Hérault SC",12,12,14,15,13,10
1992,1993,"Olympique de Marseille",22,10,6,19,13,6
1992,1993,"Olympique Lyonnais",9,15,14,17,8,13
1992,1993,"Paris Saint-Germain",20,11,7,24,11,3
1992,1993,"RC Lens",12,16,10,13,13,12
1992,1993,"RC Strasbourg",12,16,10,10,14,14
1992,1993,"SM Caen",13,9,16,12,7,19
1992,1993,"Toulouse FC",9,16,13,4,15,19
1993,1994,"AJ Auxerre",18,10,10,15,17,6
1993,1994,"AS Cannes",16,12,10,15,8,15
1993,1994,"AS Monaco FC",14,13,11,15,12,11
1993,1994,"AS Saint-Etienne",12,13,13,9,11,18
1993,1994,"FC Martigues",5,17,16,13,12,13
1993,1994,"FC Metz",12,13,13,16,8,14
1993,1994,"FC Nantes",17,11,10,21,16,1
1993,1994,"FC Sochaux-Montbéliard",10,13,15,6,5,27
1993,1994,"Girondins de Bordeaux",19,8,11,16,9,13
1993,1994,"Havre AC",7,15,16,12,13,13
1993,1994,"LOSC Lille",8,16,14,13,9,16
1993,1994,"Montpellier Hérault SC",15,13,10,9,14,15
1993,1994,"Olympique Lyonnais",17,8,13,19,12,7
1993,1994,"Paris Saint-Germain",24,11,3,20,7,11
1993,1994,"RC Lens",13,13,12,15,14,9
1993,1994,"RC Strasbourg",10,14,14,13,12,13
1993,1994,"SM Caen",12,7,19,10,6,22
1994,1995,"AJ Auxerre",15,17,6,22,6,10
1994,1995,"AS Cannes",15,8,15,12,8,18
1994,1995,"AS Monaco FC",15,12,11,19,11,8
1994,1995,"AS Saint-Etienne",9,11,18,6,16,16
1994,1995,"FC Martigues",13,12,13,9,7,22
1994,1995,"FC Metz",16,8,14,18,11,9
1994,1995,"FC Nantes",21,16,1,14,13,11
1994,1995,"Girondins de Bordeaux",16,9,13,11,9,18
1994,1995,"Havre AC",12,13,13,11,12,15
1994,1995,"LOSC Lille",13,9,16,9,12,17
1994,1995,"Montpellier Hérault SC",9,14,15,17,9,12
1994,1995,"OGC Nice",11,10,17,12,9,17
1994,1995,"Olympique Lyonnais",19,12,7,10,18,10
1994,1995,"Paris Saint-Germain",20,7,11,19,11,8
1994,1995,"RC Lens",15,14,9,16,15,7
1994,1995,"RC Strasbourg",13,12,13,14,12,12
1994,1995,"SC Bastia",11,11,16,12,8,18
1994,1995,"Stade Rennais FC",12,12,14,13,15,10
1995,1996,"AJ Auxerre",22,6,10,17,10,11
1995,1996,"AS Cannes",12,8,18,9,14,15
1995,1996,"AS Monaco FC",19,11,8,23,10,5
1995,1996,"EA Guingamp",13,14,11,11,13,14
1995,1996,"FC Metz",18,11,9,17,11,10
1995,1996,"FC Nantes",14,13,11,16,16,6
1995,1996,"Girondins de Bordeaux",11,9,18,16,15,7
1995,1996,"Havre AC",11,12,15,10,13,15
1995,1996,"LOSC Lille",9,12,17,8,11,19
1995,1996,"Montpellier Hérault SC",17,9,12,12,15,11
1995,1996,"OGC Nice",12,9,17,5,8,25
1995,1996,"Olympique Lyonnais",10,18,10,16,12,10
1995,1996,"Paris Saint-Germain",19,11,8,18,13,7
1995,1996,"RC Lens",16,15,7,12,9,17
1995,1996,"RC Strasbourg",14,12,12,19,3,16
1995,1996,"SC Bastia",12,8,18,17,10,11
1995,1996,"Stade Rennais FC",13,15,10,10,10,18
1996,1997,"AJ Auxerre",17,10,11,14,9,11
1996,1997,"AS Cannes",9,14,15,7,7,20
1996,1997,"AS Monaco FC",23,10,5,18,5,11
1996,1997,"EA Guingamp",11,13,14,9,8,17
1996,1997,"FC Metz",17,11,10,20,8,6
1996,1997,"FC Nantes",16,16,6,11,8,15
1996,1997,"Girondins de Bordeaux",16,15,7,15,11,8
1996,1997,"Havre AC",10,13,15,10,14,10
1996,1997,"Montpellier Hérault SC",12,15,11,10,11,13
1996,1997,"Olympique de Marseille",12,13,13,16,9,9
1996,1997,"Olympique Lyonnais",16,12,10,16,5,13
1996,1997,"Paris Saint-Germain",18,13,7,14,8,12
1996,1997,"RC Lens",12,9,17,21,5,8
1996,1997,"RC Strasbourg",19,3,16,9,10,15
1996,1997,"SC Bastia",17,10,11,13,11,10
1996,1997,"Stade Rennais FC",10,10,18,9,9,16
1997,1998,"AJ Auxerre",14,9,11,9,10,15
1997,1998,"AS Monaco FC",18,5,11,18,8,8
1997,1998,"FC Metz",20,8,6,9,12,13
1997,1998,"FC Nantes",11,8,15,12,12,10
1997,1998,"Girondins de Bordeaux",15,11,8,22,6,6
1997,1998,"Havre AC",10,14,10,8,11,15
1997,1998,"Montpellier Hérault SC",10,11,13,11,10,13
1997,1998,"Olympique de Marseille",16,9,9,21,8,5
1997,1998,"Olympique Lyonnais",16,5,13,18,9,7
1997,1998,"Paris Saint-Germain",14,8,12,10,9,15
1997,1998,"RC Lens",21,5,8,14,7,13
1997,1998,"RC Strasbourg",9,10,15,8,14,12
1997,1998,"SC Bastia",13,11,10,10,8,16
1997,1998,"Stade Rennais FC",9,9,16,17,8,9
1997,1998,"Toulouse FC",9,9,16,6,11,17
1998,1999,"AJ Auxerre",9,10,15,13,8,13
1998,1999,"AS Monaco FC",18,8,8,20,5,9
1998,1999,"AS Nancy-Lorraine",10,9,15,11,9,14
1998,1999,"FC Metz",9,12,13,9,17,8
1998,1999,"FC Nantes",12,12,10,12,7,15
1998,1999,"Girondins de Bordeaux",22,6,6,15,9,10
1998,1999,"Havre AC",8,11,15,9,7,18
1998,1999,"Montpellier Hérault SC",11,10,13,7,10,17
1998,1999,"Olympique de Marseille",21,8,5,9,15,10
1998,1999,"Olympique Lyonnais",18,9,7,16,8,10
1998,1999,"Paris Saint-Germain",10,9,15,16,10,8
1998,1999,"RC Lens",14,7,13,14,7,13
1998,1999,"RC Strasbourg",8,14,12,13,7,14
1998,1999,"SC Bastia",10,8,16,11,12,11
1998,1999,"Stade Rennais FC",17,8,9,12,7,15
1999,2000,"AJ Auxerre",13,8,13,11,8,15
1999,2000,"AS Monaco FC",20,5,9,12,7,15
1999,2000,"AS Saint-Etienne",13,9,12,9,10,15
1999,2000,"CS Sedan",13,9,12,14,10,10
1999,2000,"ESTAC Troyes",13,4,17,11,13,10
1999,2000,"FC Metz",9,17,8,11,10,13
1999,2000,"FC Nantes",12,7,15,21,5,8
1999,2000,"Girondins de Bordeaux",15,9,10,15,12,7
1999,2000,"Olympique de Marseille",9,15,10,11,7,16
1999,2000,"Olympique Lyonnais",16,8,10,17,13,4
1999,2000,"Paris Saint-Germain",16,10,8,12,8,14
1999,2000,"RC Lens",14,7,13,9,13,12
1999,2000,"RC Strasbourg",13,7,14,7,8,19
1999,2000,"SC Bastia",11,12,11,13,6,15
1999,2000,"Stade Rennais FC",12,7,15,14,6,14
2000,2001,"AJ Auxerre",11,8,15,16,11,7
2000,2001,"AS Monaco FC",12,7,15,9,12,13
2000,2001,"CS Sedan",14,10,10,8,15,11
2000,2001,"EA Guingamp",11,11,12,9,8,17
2000,2001,"ESTAC Troyes",11,13,10,13,8,13
2000,2001,"FC Metz",11,10,13,9,6,19
2000,2001,"FC Nantes",21,5,8,12,7,15
2000,2001,"Girondins de Bordeaux",15,12,7,14,8,12
2000,2001,"LOSC Lille",16,11,7,15,11,8
2000,2001,"Olympique de Marseille",11,7,16,11,11,12
2000,2001,"Olympique Lyonnais",17,13,4,20,6,8
2000,2001,"Paris Saint-Germain",12,8,14,15,13,6
2000,2001,"RC Lens",9,13,12,18,10,6
2000,2001,"SC Bastia",13,6,15,12,5,17
2000,2001,"Stade Rennais FC",14,6,14,11,8,15
2001,2002,"AJ Auxerre",16,11,7,18,10,10
2001,2002,"AS Monaco FC",9,12,13,19,10,9
2001,2002,"CS Sedan",8,15,11,9,9,20
2001,2002,"EA Guingamp",9,8,17,19,5,14
2001,2002,"ESTAC Troyes",13,8,13,7,10,21
2001,2002,"FC Nantes",12,7,15,16,8,14
2001,2002,"FC Sochaux-Montbéliard",12,10,12,17,13,8
2001,2002,"Girondins de Bordeaux",14,8,12,18,10,10
2001,2002,"LOSC Lille",15,11,8,10,12,16
2001,2002,"Montpellier Hérault SC",9,13,12,10,10,18
2001,2002,"Olympique de Marseille",11,11,12,19,8,11
2001,2002,"Olympique Lyonnais",20,6,8,19,11,8
2001,2002,"Paris Saint-Germain",15,13,6,14,12,12
2001,2002,"RC Lens",18,10,6,14,15,9
2001,2002,"SC Bastia",12,5,17,12,11,15
2001,2002,"Stade Rennais FC",11,8,15,10,10,18
2002,2003,"AC Ajaccio",9,12,17,10,10,18
2002,2003,"AJ Auxerre",18,10,10,19,8,11
2002,2003,"AS Monaco FC",19,10,9,21,12,5
2002,2003,"EA Guingamp",19,5,14,10,8,20
2002,2003,"FC Nantes",16,8,14,17,9,12
2002,2003,"FC Sochaux-Montbéliard",17,13,8,18,9,11
2002,2003,"Girondins de Bordeaux",18,10,10,13,11,14
2002,2003,"LOSC Lille",10,12,16,14,9,15
2002,2003,"Montpellier Hérault SC",10,10,18,8,7,23
2002,2003,"OGC Nice",13,16,9,11,17,10
2002,2003,"Olympique de Marseille",19,8,11,17,6,15
2002,2003,"Olympique Lyonnais",19,11,8,24,7,7
2002,2003,"Paris Saint-Germain",14,12,12,22,10,6
2002,2003,"RC Lens",14,15,9,15,8,15
2002,2003,"RC Strasbourg",11,12,15,10,13,15
2002,2003,"SC Bastia",12,11,15,9,12,17
2002,2003,"Stade Rennais FC",10,10,18,14,10,14
2003,2004,"AC Ajaccio",10,10,18,10,15,13
2003,2004,"AJ Auxerre",19,8,11,14,10,14
2003,2004,"AS Monaco FC",21,12,5,15,18,5
2003,2004,"FC Metz",11,9,18,10,14,14
2003,2004,"FC Nantes",17,9,12,10,13,15
2003,2004,"FC Sochaux-Montbéliard",18,9,11,13,11,14
2003,2004,"Girondins de Bordeaux",13,11,14,8,20,10
2003,2004,"LOSC Lille",14,9,15,18,13,7
2003,2004,"OGC Nice",11,17,10,10,16,12
2003,2004,"Olympique de Marseille",17,6,15,15,10,13
2003,2004,"Olympique Lyonnais",24,7,7,22,13,3
2003,2004,"Paris Saint-Germain",22,10,6,12,15,11
2003,2004,"RC Lens",15,8,15,13,13,12
2003,2004,"RC Strasbourg",10,13,15,12,12,14
2003,2004,"SC Bastia",9,12,17,11,8,19
2003,2004,"Stade Rennais FC",14,10,14,15,10,13
2003,2004,"Toulouse FC",9,12,17,12,10,16
2004,2005,"AC Ajaccio",10,15,13,8,9,21
2004,2005,"AJ Auxerre",14,10,14,17,8,13
2004,2005,"AS Monaco FC",15,18,5,13,13,12
2004,2005,"AS Saint-Etienne",12,17,9,11,14,13
2004,2005,"FC Metz",10,14,14,6,11,21
2004,2005,"FC Nantes",10,13,15,11,12,15
2004,2005,"FC Sochaux-Montbéliard",13,11,14,11,11,16
2004,2005,"Girondins de Bordeaux",8,20,10,18,15,5
2004,2005,"LOSC Lille",18,13,7,16,14,8
2004,2005,"OGC Nice",10,16,12,16,10,12
2004,2005,"Olympique de Marseille",15,10,13,16,12,10
2004,2005,"Olympique Lyonnais",22,13,3,25,9,4
2004,2005,"Paris Saint-Germain",12,15,11,13,13,12
2004,2005,"RC Lens",13,13,12,14,18,6
2004,2005,"RC Strasbourg",12,12,14,5,14,19
2004,2005,"Stade Rennais FC",15,10,13,18,5,15
2004,2005,"Toulouse FC",12,10,16,10,11,17
2005,2006,"AJ Auxerre",17,8,13,13,15,10
2005,2006,"AS Monaco FC",13,13,12,13,12,13
2005,2006,"AS Nancy-Lorraine",12,12,14,13,10,15
2005,2006,"AS Saint-Etienne",11,14,13,14,7,17
2005,2006,"ESTAC Troyes",9,12,17,9,12,17
2005,2006,"FC Nantes",11,12,15,7,14,17
2005,2006,"FC Sochaux-Montbéliard",11,11,16,15,12,11
2005,2006,"Girondins de Bordeaux",18,15,5,16,9,13
2005,2006,"Le Mans FC",13,13,12,11,16,11
2005,2006,"LOSC Lille",16,14,8,13,11,14
2005,2006,"OGC Nice",16,10,12,9,16,13
2005,2006,"Olympique de Marseille",16,12,10,19,7,12
2005,2006,"Olympique Lyonnais",25,9,4,24,9,5
2005,2006,"Paris Saint-Germain",13,13,12,12,12,14
2005,2006,"RC Lens",14,18,6,15,12,11
2005,2006,"Stade Rennais FC",18,5,15,14,15,9
2005,2006,"Toulouse FC",10,11,17,16,8,14
2006,2007,"AJ Auxerre",13,15,10,12,8,18
2006,2007,"AS Monaco FC",13,12,13,13,8,17
2006,2007,"AS Nancy-Lorraine",13,10,15,15,15,8
2006,2007,"AS Saint-Etienne",14,7,17,16,10,12
2006,2007,"FC Lorient",12,13,13,12,16,10
2006,2007,"FC Sochaux-Montbéliard",15,12,11,10,14,14
2006,2007,"Girondins de Bordeaux",16,9,13,22,9,7
2006,2007,"Le Mans FC",11,16,11,14,11,13
2006,2007,"LOSC Lille",13,11,14,13,18,7
2006,2007,"OGC Nice",9,16,13,13,16,9
2006,2007,"Olympique de Marseille",19,7,12,17,11,10
2006,2007,"Olympique Lyonnais",24,9,5,24,7,7
2006,2007,"Paris Saint-Germain",12,12,14,10,13,15
2006,2007,"RC Lens",15,12,11,9,13,16
2006,2007,"Stade Rennais FC",14,15,9,16,10,12
2006,2007,"Toulouse FC",16,8,14,9,15,14
2006,2007,"Valenciennes FC",11,10,17,12,9,17
2007,2008,"AJ Auxerre",12,8,18,16,7,15
2007,2008,"AS Monaco FC",13,8,17,11,12,15
2007,2008,"AS Nancy-Lorraine",15,15,8,10,12,16
2007,2008,"AS Saint-Etienne",16,10,12,11,7,20
2007,2008,"FC Lorient",12,16,10,10,15,13
2007,2008,"FC Sochaux-Montbéliard",10,14,14,10,12,16
2007,2008,"Girondins de Bordeaux",22,9,7,24,8,6
2007,2008,"Le Mans FC",14,11,13,10,10,18
2007,2008,"LOSC Lille",13,18,7,17,13,8
2007,2008,"OGC Nice",13,16,9,13,11,14
2007,2008,"Olympique de Marseille",17,11,10,22,11,5
2007,2008,"Olympique Lyonnais",24,7,7,20,11,7
2007,2008,"Paris Saint-Germain",10,13,15,19,7,12
2007,2008,"SM Caen",13,12,13,8,13,17
2007,2008,"Stade Rennais FC",16,10,12,15,16,7
2007,2008,"Toulouse FC",9,15,14,16,16,6
2007,2008,"Valenciennes FC",12,9,17,10,14,14
2008,2009,"AJ Auxerre",16,7,15,20,11,7
2008,2009,"AS Monaco FC",11,12,15,15,10,13
2008,2009,"AS Nancy-Lorraine",10,12,16,13,9,16
2008,2009,"AS Saint-Etienne",11,7,20,10,10,18
2008,2009,"FC Lorient",10,15,13,16,10,12
2008,2009,"FC Sochaux-Montbéliard",10,12,16,11,8,19
2008,2009,"GF38",10,14,14,5,8,25
2008,2009,"Girondins de Bordeaux",24,8,6,19,7,12
2008,2009,"Le Mans FC",10,10,18,8,8,22
2008,2009,"LOSC Lille",17,13,8,21,7,10
2008,2009,"OGC Nice",13,11,14,11,11,16
2008,2009,"Olympique de Marseille",22,11,5,23,9,6
2008,2009,"Olympique Lyonnais",20,11,7,20,12,6
2008,2009,"Paris Saint-Germain",19,7,12,12,11,15
2008,2009,"Stade Rennais FC",15,16,7,14,11,13
2008,2009,"Toulouse FC",16,16,6,12,11,15
2008,2009,"Valenciennes FC",10,14,14,14,10,14
2009,2010,"AJ Auxerre",20,11,7,10,19,9
2009,2010,"AS Monaco FC",15,10,13,9,17,12
2009,2010,"AS Nancy-Lorraine",13,9,16,13,9,16
2009,2010,"AS Saint-Etienne",10,10,18,12,13,13
2009,2010,"FC Lorient",16,10,12,12,13,13
2009,2010,"FC Sochaux-Montbéliard",11,8,19,17,7,14
2009,2010,"Girondins de Bordeaux",19,7,12,12,15,11
2009,2010,"LOSC Lille",21,7,10,21,13,4
2009,2010,"Montpellier Hérault SC",20,9,9,12,11,15
2009,2010,"OGC Nice",11,11,16,11,13,14
2009,2010,"Olympique de Marseille",23,9,6,18,14,6
2009,2010,"Olympique Lyonnais",20,12,6,17,13,8
2009,2010,"Paris Saint-Germain",12,11,15,15,15,8
2009,2010,"RC Lens",12,12,14,7,14,17
2009,2010,"Stade Rennais FC",14,11,13,15,11,12
2009,2010,"Toulouse FC",12,11,15,14,8,16
2009,2010,"Valenciennes FC",14,10,14,10,18,10
2010,2011,"AJ Auxerre",10,19,9,7,13,18
2010,2011,"AS Nancy-Lorraine",13,9,16,11,12,15
2010,2011,"AS Saint-Etienne",12,13,13,16,9,13
2010,2011,"FC Lorient",12,13,13,9,12,17
2010,2011,"FC Sochaux-Montbéliard",17,7,14,11,9,18
2010,2011,"Girondins de Bordeaux",12,15,11,16,13,9
2010,2011,"LOSC Lille",21,13,4,21,11,6
2010,2011,"Montpellier Hérault SC",12,11,15,25,7,6
2010,2011,"OGC Nice",11,13,14,10,12,16
2010,2011,"Olympique de Marseille",18,14,6,12,12,14
2010,2011,"Olympique Lyonnais",17,13,8,19,7,12
2010,2011,"Paris Saint-Germain",15,15,8,23,10,5
2010,2011,"SM Caen",11,13,14,9,11,18
2010,2011,"Stade Brestois 29",11,13,14,8,17,13
2010,2011,"Stade Rennais FC",15,11,12,17,9,12
2010,2011,"Toulouse FC",14,8,16,15,11,12
2010,2011,"Valenciennes FC",10,18,10,12,7,19
2011,2012,"AC Ajaccio",9,14,15,9,15,14
2011,2012,"AS Nancy-Lorraine",11,12,15,9,11,18
2011,2012,"AS Saint-Etienne",16,9,13,16,15,7
2011,2012,"Evian TG FC",13,11,14,10,10,18
2011,2012,"FC Lorient",9,12,17,14,11,13
2011,2012,"FC Sochaux-Montbéliard",11,9,18,10,11,17
2011,2012,"Girondins de Bordeaux",16,13,9,13,16,9
2011,2012,"LOSC Lille",21,11,6,16,14,8
2011,2012,"Montpellier Hérault SC",25,7,6,15,7,16
2011,2012,"OGC Nice",10,12,16,18,10,10
2011,2012,"Olympique de Marseille",12,12,14,21,8,9
2011,2012,"Olympique Lyonnais",19,7,12,19,10,9
2011,2012,"Paris Saint-Germain",23,10,5,25,8,5
2011,2012,"Stade Brestois 29",8,17,13,8,5,25
2011,2012,"Stade Rennais FC",17,9,12,13,7,18
2011,2012,"Toulouse FC",15,11,12,13,12,13
2011,2012,"Valenciennes FC",12,7,19,12,12,14
2012,2013,"AC Ajaccio",9,15,14,4,11,23
2012,2013,"AS Saint-Etienne",16,15,7,20,9,9
2012,2013,"Evian TG FC",10,10,18,11,11,16
2012,2013,"FC Lorient",14,11,13,13,10,15
2012,2013,"FC Sochaux-Montbéliard",10,11,17,10,10,18
2012,2013,"Girondins de Bordeaux",13,16,9,13,14,11
2012,2013,"LOSC Lille",16,14,8,20,11,7
2012,2013,"Montpellier Hérault SC",15,7,16,8,18,12
2012,2013,"OGC Nice",18,10,10,12,6,20
2012,2013,"Olympique de Marseille",21,8,9,16,12,10
2012,2013,"Olympique Lyonnais",19,10,9,17,10,11
2012,2013,"Paris Saint-Germain",25,8,5,27,8,3
2012,2013,"SC Bastia",13,8,17,12,11,15
2012,2013,"Stade de Reims",10,13,15,12,12,14
2012,2013,"Stade Rennais FC",13,7,18,11,13,14
2012,2013,"Toulouse FC",13,12,13,12,13,13
2012,2013,"Valenciennes FC",12,12,14,7,8,23
